{"cameraMode":{"drawMode":0,"name":"Shaded","section":"Shading Mode"},"sceneLighting":false,"audioPlay":false,"sceneViewState":{"m_AlwaysRefresh":false,"showFog":true,"showSkybox":true,"showFlares":true,"showImageEffects":true,"showParticleSystems":true,"showVisualEffectGraphs":true,"m_FxEnabled":true},"in2DMode":false,"pivot":{"x":5.2227582931518559,"y":5.263720512390137,"z":-19.268596649169923},"rotation":{"x":-0.010701114311814309,"y":-0.8971211314201355,"z":0.02182299830019474,"w":-0.4410153031349182},"size":1.4773705005645753,"orthographic":false}